scenario_id,city,name,valence,layer,name_first_score,name_last_score,answer_score,answer_delta,behavior_delta
S1,Boston,Back Bay,affluent,5,-13.753316232702854,-13.753316232702854,-5.334891770804819,-0.0022489484614274247,-0.2552083333333335
S1,Boston,Back Bay,affluent,10,-8.661215044727168,-8.661215044727168,2.7023004400053248,0.2907709809825718,-0.2552083333333335
S1,Boston,Back Bay,affluent,15,-0.3800050061656228,-0.3800050061656228,12.034345135619358,0.5710014695401391,-0.2552083333333335
S1,Boston,Back Bay,affluent,18,-12.329001939310528,-12.329001939310528,-3.044488149495662,0.49208854760390786,-0.2552083333333335
S1,Boston,Back Bay,affluent,20,-12.761688108680024,-12.761688108680024,-3.2064091146106177,0.4038842418581452,-0.2552083333333335
S1,Boston,Back Bay,affluent,22,-4.173856615875579,-4.173856615875579,2.1371638722610284,0.6715463525220589,-0.2552083333333335
S1,Boston,Back Bay,affluent,25,-4.18762415197539,-4.18762415197539,5.458812532716369,0.7795562401205389,-0.2552083333333335
S1,Boston,Back Bay,affluent,30,-6.6328142287354765,-6.6328142287354765,0.6188803477712131,-0.7964169487338185,-0.2552083333333335
S1,Boston,Back Bay,affluent,35,-1.9327668482770657,-1.9327668482770657,2.1059258902185123,-0.7787523278492965,-0.2552083333333335
S1,Boston,Back Bay,affluent,40,0.5448556575911757,0.5448556575911757,1.9868405043027302,-0.2656314683865153,-0.2552083333333335
S1,Boston,Beacon Hill,affluent,5,-18.948879932306596,-18.948879932306596,-5.252647193136157,0.07999562920723413,-0.18229166666666696
S1,Boston,Beacon Hill,affluent,10,-10.058302053619203,-10.058302053619203,2.6228365758624044,0.21130711683965142,-0.18229166666666696
S1,Boston,Beacon Hill,affluent,15,-0.9559243531581512,-0.9559243531581512,11.999128145974288,0.535784479895069,-0.18229166666666696
S1,Boston,Beacon Hill,affluent,18,-15.148334780223788,-15.148334780223788,-2.9393551549543973,0.5972215421451725,-0.18229166666666696
S1,Boston,Beacon Hill,affluent,20,-9.174739630416862,-9.174739630416862,-3.0815609566854802,0.5287323997832827,-0.18229166666666696
S1,Boston,Beacon Hill,affluent,22,-5.178967397652295,-5.178967397652295,2.037566855503598,0.5719493357646286,-0.18229166666666696
S1,Boston,Beacon Hill,affluent,25,-8.98646464348294,-8.98646464348294,5.775789561277136,1.0965332686813065,-0.18229166666666696
S1,Boston,Beacon Hill,affluent,30,-9.169040177394429,-9.169040177394429,0.5453552383291042,-0.8699420581759275,-0.18229166666666696
S1,Boston,Beacon Hill,affluent,35,-1.3600744490048495,-1.3600744490048495,2.3234971996808165,-0.5611810183869923,-0.18229166666666696
S1,Boston,Beacon Hill,affluent,40,1.6992963662357592,1.6992963662357592,2.1509419708581983,-0.10153000183104721,-0.18229166666666696
S1,Boston,Brookline,affluent,5,-6.1202902293334756,-6.1202902293334756,-5.261026406358663,0.07161641598472812,-0.21875
S1,Boston,Brookline,affluent,10,-5.97833595597119,-5.97833595597119,2.628205987132776,0.21667652811002291,-0.21875
S1,Boston,Brookline,affluent,15,0.10236497714555727,0.10236497714555727,12.003325295547171,0.5399816294679525,-0.21875
S1,Boston,Brookline,affluent,18,-12.936185060450859,-12.936185060450859,-3.0814936514793057,0.45508304562026414,-0.21875
S1,Boston,Brookline,affluent,20,-8.796830087631243,-8.796830087631243,-3.198012751907028,0.4122806045617349,-0.21875
S1,Boston,Brookline,affluent,22,-7.195171828820316,-7.195171828820316,2.0730574248265863,0.6074399050876167,-0.21875
S1,Boston,Brookline,affluent,25,-11.161760526838407,-11.161760526838407,5.311338492443239,0.6320821998474093,-0.21875
S1,Boston,Brookline,affluent,30,-5.312107235440968,-5.312107235440968,0.2687747610231306,-1.146522535481901,-0.21875
S1,Boston,Brookline,affluent,35,-0.041761958617276024,-0.041761958617276024,2.181562026560178,-0.7031161915076307,-0.21875
S1,Boston,Brookline,affluent,40,2.0678682957550967,2.0678682957550967,2.0224279821428617,-0.2300439905463838,-0.21875
S1,Boston,Roxbury,under_resourced,5,-6.760305508250205,-6.760305508250205,-5.37961582448196,-0.04697300213856881,-0.3958333333333335
S1,Boston,Roxbury,under_resourced,10,-3.711615813603946,-3.711615813603946,2.572732773735897,0.16120331471314397,-0.3958333333333335
S1,Boston,Roxbury,under_resourced,15,1.6694700594334246,1.6694700594334246,11.88716720932411,0.42382354324489135,-0.3958333333333335
S1,Boston,Roxbury,under_resourced,18,-12.294031643225951,-12.294031643225951,-3.216241878221679,0.3203348188778907,-0.3958333333333335
S1,Boston,Roxbury,under_resourced,20,-8.886722183691807,-8.886722183691807,-3.2477230206024266,0.36257033586633636,-0.3958333333333335
S1,Boston,Roxbury,under_resourced,22,-3.890976125604706,-3.890976125604706,2.010441509760598,0.5448239900216283,-0.3958333333333335
S1,Boston,Roxbury,under_resourced,25,-7.888447395745493,-7.888447395745493,5.663303139089548,0.984046846493718,-0.3958333333333335
S1,Boston,Roxbury,under_resourced,30,-4.957912484340436,-4.957912484340436,0.2581578956356898,-1.1571394008693419,-0.3958333333333335
S1,Boston,Roxbury,under_resourced,35,-0.5599093117553681,-0.5599093117553681,1.5688961592369028,-1.315782058830906,-0.3958333333333335
S1,Boston,Roxbury,under_resourced,40,3.1749425687607653,3.1749425687607653,1.7956789451736264,-0.4567930275156191,-0.3958333333333335
S1,Boston,Dorchester,under_resourced,5,-2.571824010280388,-7.382476912771724,-5.31107840381363,0.021564418529761653,-0.25
S1,Boston,Dorchester,under_resourced,10,-4.519725700340096,-7.274976611299248,2.5986975172291285,0.1871680582063755,-0.25
S1,Boston,Dorchester,under_resourced,15,0.6307586067100948,-4.105341362135779,12.05148831038614,0.5881446443069223,-0.25
S1,Boston,Dorchester,under_resourced,18,-11.065710801661039,-16.471623887024634,-2.9724322083521906,0.5641444887473792,-0.25
S1,Boston,Dorchester,under_resourced,20,-7.375108835757179,-10.024413760576962,-2.9769452771251923,0.6333480793435706,-0.25
S1,Boston,Dorchester,under_resourced,22,-2.553832148913037,-6.5053680823677045,2.197586058167761,0.7319685384287915,-0.25
S1,Boston,Dorchester,under_resourced,25,-6.270231975097526,-9.555756341027289,5.8226326497057075,1.1433763571098776,-0.25
S1,Boston,Dorchester,under_resourced,30,-6.784873895497576,-6.445704954261978,0.5841345055829615,-0.8311627909220701,-0.25
S1,Boston,Dorchester,under_resourced,35,-0.0207633163162648,-1.1155815259317352,2.4212934679680185,-0.4633847500997903,-0.25
S1,Boston,Dorchester,under_resourced,40,2.0977151063455515,2.216132894587898,2.2675917730501465,0.015119800360900992,-0.25
S1,Boston,Chelsea,under_resourced,5,-1.3701384884572676,-7.339015714320057,-5.267949442911515,0.06469337943187625,-0.19270833333333348
S1,Boston,Chelsea,under_resourced,10,-6.055666459666781,-9.013553931827644,2.6209144717685717,0.20938501274581878,-0.19270833333333348
S1,Boston,Chelsea,under_resourced,15,0.6314023079892832,1.1912807648257435,12.00459553641289,0.5412518703336708,-0.19270833333333348
S1,Boston,Chelsea,under_resourced,18,-10.956700191801495,-13.802266221883409,-3.2789638503744545,0.2576128467251153,-0.19270833333333348
S1,Boston,Chelsea,under_resourced,20,-8.799495417012388,-9.252542077691384,-3.3634544902535137,0.2468388662152492,-0.19270833333333348
S1,Boston,Chelsea,under_resourced,22,-3.9119440518065196,-2.618038261172869,2.006963918875465,0.5413463991364953,-0.19270833333333348
S1,Boston,Chelsea,under_resourced,25,-8.535802623084638,-6.343073137580235,5.453840839068997,0.7745845464731671,-0.19270833333333348
S1,Boston,Chelsea,under_resourced,30,-8.3237494948491,-5.49410053944877,0.49635788267505176,-0.9189394138299799,-0.19270833333333348
S1,Boston,Chelsea,under_resourced,35,-0.6764062001731443,0.040667533393444616,2.2346869467450934,-0.6499912713227154,-0.19270833333333348
S1,Boston,Chelsea,under_resourced,40,1.3723199949386253,2.118217161696124,2.1336662320703756,-0.11880574061886984,-0.19270833333333348
S1,Chicago,Lincoln Park,affluent,5,-3.66643520391718,-3.66643520391718,-5.294563299145166,0.03807952319822583,-0.25520833333333326
S1,Chicago,Lincoln Park,affluent,10,-7.718249059335894,-7.718249059335894,2.56513771564231,0.1536082566195569,-0.25520833333333326
S1,Chicago,Lincoln Park,affluent,15,-3.6375499700530614,-3.6375499700530614,12.037570824564074,0.574227158484856,-0.25520833333333326
S1,Chicago,Lincoln Park,affluent,18,-17.90928814206911,-17.90928814206911,-2.9281884347172418,0.608388262382328,-0.25520833333333326
S1,Chicago,Lincoln Park,affluent,20,-12.8985094658826,-12.8985094658826,-3.207749701577928,0.402543654890835,-0.25520833333333326
S1,Chicago,Lincoln Park,affluent,22,-7.782148779486738,-7.782148779486738,2.0154634180164375,0.5498458982774679,-0.25520833333333326
S1,Chicago,Lincoln Park,affluent,25,-11.292625202797456,-11.292625202797456,5.473436746060418,0.7941804534645884,-0.25520833333333326
S1,Chicago,Lincoln Park,affluent,30,-4.759994117472032,-4.759994117472032,-0.027718307949329918,-1.4430156044543616,-0.25520833333333326
S1,Chicago,Lincoln Park,affluent,35,1.3529537957057678,1.3529537957057678,1.8008115710906427,-1.083866646977166,-0.25520833333333326
S1,Chicago,Lincoln Park,affluent,40,1.10493678399837,1.10493678399837,2.0213381818104166,-0.2311337908788289,-0.25520833333333326
S1,Chicago,Lakeview,affluent,5,-3.022064892338386,-3.022064892338386,-5.270154610405012,0.062488211938379834,-0.203125
S1,Chicago,Lakeview,affluent,10,-8.267977280700471,-8.267977280700471,2.696247170733474,0.28471771171072113,-0.203125
S1,Chicago,Lakeview,affluent,15,0.6306273490936296,0.6306273490936296,12.06280769896956,0.5994640328903422,-0.203125
S1,Chicago,Lakeview,affluent,18,-13.825079034561078,-13.825079034561078,-2.8597707691721816,0.6768059279273881,-0.203125
S1,Chicago,Lakeview,affluent,20,-6.337471743261752,-6.337471743261752,-3.0497538850010755,0.5605394714676875,-0.203125
S1,Chicago,Lakeview,affluent,22,-6.5390155517305795,-6.5390155517305795,2.212553238964906,0.7469357192259363,-0.203125
S1,Chicago,Lakeview,affluent,25,-9.619977168607987,-9.619977168607987,5.717378604362149,1.038122311766319,-0.203125
S1,Chicago,Lakeview,affluent,30,-7.0345074182632645,-7.0345074182632645,0.2083783017870759,-1.2069189947179557,-0.203125
S1,Chicago,Lakeview,affluent,35,-1.3157682837244367,-1.3157682837244367,2.0422879663522737,-0.842390251715535,-0.203125
S1,Chicago,Lakeview,affluent,40,2.640917841432882,2.640917841432882,2.1637314352194026,-0.0887405374698429,-0.203125
S1,Chicago,Winnetka,affluent,5,-13.824138952993001,5.560038283319475,-5.402400169042814,-0.06975734669942213,-0.3958333333333335
S1,Chicago,Winnetka,affluent,10,-2.9047476888953376,-5.44244908795674,2.6585399978235436,0.2470105388007906,-0.3958333333333335
S1,Chicago,Winnetka,affluent,15,-0.498202309917376,1.3970657339109727,11.941161770918585,0.4778181048393666,-0.3958333333333335
S1,Chicago,Winnetka,affluent,18,-12.6564607332752,-12.062931452444813,-2.92438754043056,0.6121891566690096,-0.3958333333333335
S1,Chicago,Winnetka,affluent,20,-11.521640356923204,-10.040093857003372,-2.9956125647252154,0.6146807917435475,-0.3958333333333335
S1,Chicago,Winnetka,affluent,22,-7.942365329521962,-6.823671556383274,2.224324407172257,0.7587068874332874,-0.3958333333333335
S1,Chicago,Winnetka,affluent,25,-7.918335063362962,-7.174320892067996,5.575916772874068,0.8966604802782383,-0.3958333333333335
S1,Chicago,Winnetka,affluent,30,-1.7147103162180517,-4.091212166556022,0.3488160945234545,-1.0664812019815773,-0.3958333333333335
S1,Chicago,Winnetka,affluent,35,-0.5123635692819496,-2.3864419399817485,2.025575266477344,-0.8591029515904647,-0.3958333333333335
S1,Chicago,Winnetka,affluent,40,-0.45693754620162297,0.6902203707397213,2.219844695833733,-0.03262727685551248,-0.3958333333333335
S1,Chicago,Englewood,under_resourced,5,-0.7908106511503896,-3.95955166430242,-5.210049568867477,0.12259325347591421,-0.3125
S1,Chicago,Englewood,under_resourced,10,-5.06189345033232,-6.890097845487872,2.5643148698737197,0.15278541085096675,-0.3125
S1,Chicago,Englewood,under_resourced,15,1.0920563495022548,-6.0608409878615825,11.910254535058911,0.44691086897969257,-0.3125
S1,Chicago,Englewood,under_resourced,18,-9.772722487383485,-14.097337944685583,-3.074252826828111,0.46232387027145894,-0.3125
S1,Chicago,Englewood,under_resourced,20,-6.926208212444317,-7.2555779892572,-3.256814504719556,0.3534788517492071,-0.3125
S1,Chicago,Englewood,under_resourced,22,-3.526017326520248,-5.8514862636780505,2.0258619768603063,0.5602444571213367,-0.3125
S1,Chicago,Englewood,under_resourced,25,-9.514751548612836,-8.36247237951224,5.4157138758249115,0.7364575832290816,-0.3125
S1,Chicago,Englewood,under_resourced,30,-7.9981792657547635,-7.662759500676945,0.32036637902064424,-1.0949309174843873,-0.3125
S1,Chicago,Englewood,under_resourced,35,-1.7557292213038833,-1.7515303994128204,2.3870171645953233,-0.49766105347248546,-0.3125
S1,Chicago,Englewood,under_resourced,40,1.3111050993108433,0.9653052403369202,2.227716900772028,-0.024755071917217375,-0.3125
S1,Chicago,Austin,under_resourced,5,1.229338055452924,-3.7798009180998764,-5.278338598111584,0.054304224231807474,-0.3177083333333335
S1,Chicago,Austin,under_resourced,10,-4.1009579872089255,-5.135877750854636,2.625837884544735,0.21430842552198204,-0.3177083333333335
S1,Chicago,Austin,under_resourced,15,2.4589643371039624,-1.3432478411863524,11.99938557212639,0.5360419060471706,-0.3177083333333335
S1,Chicago,Austin,under_resourced,18,-10.445031375054928,-13.283595474505644,-3.0886385205729496,0.44793817652662016,-0.3177083333333335
S1,Chicago,Austin,under_resourced,20,-7.488472971396143,-7.787097993286552,-3.258420310142563,0.3518730463262001,-0.3177083333333335
S1,Chicago,Austin,under_resourced,22,-3.0312153829744655,-3.605153304895785,2.00016112672014,0.5345436069811704,-0.3177083333333335
S1,Chicago,Austin,under_resourced,25,-5.69146845577364,-5.360487930770212,5.415566960660426,0.7363106680645961,-0.3177083333333335
S1,Chicago,Austin,under_resourced,30,-5.406046909086081,-1.5250640630211791,0.4819051577428062,-0.9333921387622255,-0.3177083333333335
S1,Chicago,Austin,under_resourced,35,0.08401885206494983,0.872427947068009,1.8387868139519286,-1.0458914041158802,-0.3177083333333335
S1,Chicago,Austin,under_resourced,40,3.0219996917368186,3.3193253532311306,2.17284046008256,-0.07963151260668555,-0.3177083333333335
S1,Chicago,Harvey,under_resourced,5,0.953090311582459,4.273116925114169,-5.272790576317595,0.05985224602579642,-0.3749999999999998
S1,Chicago,Harvey,under_resourced,10,-1.1475291045275087,-4.905539302122202,2.582328682700449,0.17079922367769607,-0.3749999999999998
S1,Chicago,Harvey,under_resourced,15,3.5366158873487468,1.1425396338182998,11.931405038252505,0.46806137217328647,-0.3749999999999998
S1,Chicago,Harvey,under_resourced,18,-6.068031338253044,-10.442381962871385,-2.997045394587261,0.5395313025123087,-0.3749999999999998
S1,Chicago,Harvey,under_resourced,20,-5.196263234714495,-4.753632905845501,-3.3690531664458736,0.24124019002288932,-0.3749999999999998
S1,Chicago,Harvey,under_resourced,22,1.1493149790667854,-0.22926941384683047,1.9756757813178583,0.5100582615788887,-0.3749999999999998
S1,Chicago,Harvey,under_resourced,25,-2.243069101743882,-0.5824686324093751,5.394040041972557,0.7147837493767275,-0.3749999999999998
S1,Chicago,Harvey,under_resourced,30,-2.7252693090330777,-1.1854768720815212,0.47377700514362986,-0.9415202913614018,-0.3749999999999998
S1,Chicago,Harvey,under_resourced,35,0.5184143693748278,0.7712339013621149,1.7211608005257317,-1.163517417542077,-0.3749999999999998
S1,Chicago,Harvey,under_resourced,40,3.0642083193425664,4.547253955955074,1.985016463307679,-0.2674555093815665,-0.3749999999999998
S1,Los Angeles,Brentwood,affluent,5,-4.01607527899003,-8.63957259681056,-5.363911127725325,-0.031268305381933814,-0.28125
S1,Los Angeles,Brentwood,affluent,10,-5.19410994141646,-7.93670449589658,2.588126244498547,0.17659678547579416,-0.28125
S1,Los Angeles,Brentwood,affluent,15,1.6988847144841523,-1.5451311561849108,11.911066939914871,0.4477232738356527,-0.28125
S1,Los Angeles,Brentwood,affluent,18,-8.422391466245886,-12.244771120751919,-2.9913982118035265,0.5451784852960433,-0.28125
S1,Los Angeles,Brentwood,affluent,20,-7.422027181966399,-8.400898722150675,-3.343064396672655,0.2672289597961077,-0.28125
S1,Los Angeles,Brentwood,affluent,22,-2.6035947294276327,-5.125096842506489,1.9272574470988983,0.46163992735992876,-0.28125
S1,Los Angeles,Brentwood,affluent,25,-7.702832863562022,-8.05360705720329,5.247822247679918,0.5685659550840878,-0.28125
S1,Los Angeles,Brentwood,affluent,30,-7.401738682935968,-7.31651592661889,0.5914638781361622,-0.8238334183688695,-0.28125
S1,Los Angeles,Brentwood,affluent,35,-1.2042041002111052,-1.0058425106493747,2.213371011836079,-0.6713072062317296,-0.28125
S1,Los Angeles,Brentwood,affluent,40,2.444475782336264,1.7081036968685455,2.1879359329631285,-0.06453603972611699,-0.28125
S1,Los Angeles,Beverly Grove,affluent,5,5.512564505700947,5.512564505700947,-5.295192371604113,0.03745045073927855,-0.21875
S1,Los Angeles,Beverly Grove,affluent,10,-12.782509701516044,-12.782509701516044,2.746720306284986,0.33519084726223314,-0.21875
S1,Los Angeles,Beverly Grove,affluent,15,-7.048931883767894,-7.048931883767894,11.955923371842974,0.492579705763756,-0.21875
S1,Los Angeles,Beverly Grove,affluent,18,-17.69202653415481,-17.69202653415481,-2.9507868237422348,0.585789873357335,-0.21875
S1,Los Angeles,Beverly Grove,affluent,20,-12.629806419685973,-12.629806419685973,-3.200468529155019,0.40982482731374414,-0.21875
S1,Los Angeles,Beverly Grove,affluent,22,-7.839487638659371,-7.839487638659371,2.1690398326503892,0.7034223129114197,-0.21875
S1,Los Angeles,Beverly Grove,affluent,25,-11.213620692825238,-11.213620692825238,5.437079969746806,0.7578236771509763,-0.21875
S1,Los Angeles,Beverly Grove,affluent,30,-8.200579666985908,-8.200579666985908,0.5346478006672681,-0.8806494958377635,-0.21875
S1,Los Angeles,Beverly Grove,affluent,35,-1.3500304416525626,-1.3500304416525626,2.4712362865428608,-0.413441931524948,-0.21875
S1,Los Angeles,Beverly Grove,affluent,40,1.9836063186061608,1.9836063186061608,2.186203847614572,-0.06626812507467328,-0.21875
S1,Los Angeles,Pasadena,affluent,5,0.09237433301168343,-1.2116671402146166,-5.372818570940169,-0.04017574859677708,-0.20833333333333304
S1,Los Angeles,Pasadena,affluent,10,-6.111307469262281,-7.3469603385808755,2.681185952253867,0.26965649323111407,-0.20833333333333304
S1,Los Angeles,Pasadena,affluent,15,3.1345347716986454,-1.2234375765528969,11.812046142738811,0.348702476659593,-0.20833333333333304
S1,Los Angeles,Pasadena,affluent,18,-8.79751052060013,-13.01686726741438,-2.9811014518250785,0.5554752452744913,-0.20833333333333304
S1,Los Angeles,Pasadena,affluent,20,-6.788726263568094,-6.897229060805932,-3.1579847016929476,0.4523086547758153,-0.20833333333333304
S1,Los Angeles,Pasadena,affluent,22,-1.122101604319339,-2.763389356287485,2.0738828522093953,0.6082653324704257,-0.20833333333333304
S1,Los Angeles,Pasadena,affluent,25,-7.804708038056739,-3.593197792558765,5.581842903352197,0.9025866107563667,-0.20833333333333304
S1,Los Angeles,Pasadena,affluent,30,-5.203815015901399,-3.4747209575282643,0.7790625953271345,-0.6362347011778972,-0.20833333333333304
S1,Los Angeles,Pasadena,affluent,35,-0.2597449181087745,0.2854726620899633,2.156410217007148,-0.7282680010606608,-0.20833333333333304
S1,Los Angeles,Pasadena,affluent,40,2.369973129448878,1.817646721482036,2.076936121773223,-0.17553585091602253,-0.20833333333333304
S1,Los Angeles,Watts,under_resourced,5,-0.3942695818762012,1.6160567199225104,-5.337906823213242,-0.005264000869850349,-0.25
S1,Los Angeles,Watts,under_resourced,10,-5.395017865128132,-2.8936434432128824,2.632075973837538,0.22054651481478516,-0.25
S1,Los Angeles,Watts,under_resourced,15,1.5510298772819204,-2.0236619400286897,11.900949041843944,0.4376053757647256,-0.25
S1,Los Angeles,Watts,under_resourced,18,-8.151674438283871,-11.917102218162507,-3.0759177768160275,0.4606589202835423,-0.25
S1,Los Angeles,Watts,under_resourced,20,-6.171604118483942,-5.72554804322353,-3.050247984439128,0.5600453720296348,-0.25
S1,Los Angeles,Watts,under_resourced,22,-0.30288279130250556,-1.1720859529732548,2.242210267735165,0.7765927479961956,-0.25
S1,Los Angeles,Watts,under_resourced,25,-6.00851685869171,-4.020223858937268,5.457380285752851,0.7781239931570214,-0.25
S1,Los Angeles,Watts,under_resourced,30,-4.063009304498842,-3.356544968672757,0.5635684592591267,-0.851728837245905,-0.25
S1,Los Angeles,Watts,under_resourced,35,0.5584854320716166,0.12863141927393515,2.0752759447769162,-0.8094022732908925,-0.25
S1,Los Angeles,Watts,under_resourced,40,3.1968903636311183,2.9609629536401596,2.0459972732820706,-0.2064746994071749,-0.25
S1,Los Angeles,Compton,under_resourced,5,-2.1040041554282145,-8.671201724602124,-5.406220126843443,-0.07357730450005118,-0.23958333333333304
S1,Los Angeles,Compton,under_resourced,10,-4.833989596303015,-8.484196700791236,2.6047922394852616,0.19326278046250867,-0.23958333333333304
S1,Los Angeles,Compton,under_resourced,15,2.2771142374673814,-4.307115213358302,11.858040588211578,0.3946969221323595,-0.23958333333333304
S1,Los Angeles,Compton,under_resourced,18,-9.074214562095118,-15.761119605186718,-3.0488419689103026,0.4877347281892672,-0.23958333333333304
S1,Los Angeles,Compton,under_resourced,20,-5.786801801943254,-7.460829826588408,-3.240555346841695,0.36973800962706793,-0.23958333333333304
S1,Los Angeles,Compton,under_resourced,22,-1.6318101217144878,-4.833912512750699,2.07942194930068,0.6138044295617102,-0.23958333333333304
S1,Los Angeles,Compton,under_resourced,25,-8.922710035506876,-8.604198115368867,5.572849091603303,0.8935927990074735,-0.23958333333333304
S1,Los Angeles,Compton,under_resourced,30,-5.157852975535241,-4.976386076376161,0.506060378262179,-0.9092369182428527,-0.23958333333333304
S1,Los Angeles,Compton,under_resourced,35,-1.4612519217317192,-1.6213178773368302,2.2902211912162573,-0.5944570268515514,-0.23958333333333304
S1,Los Angeles,Compton,under_resourced,40,1.4650326078170555,0.7386164900779691,2.3027790610100194,0.05030708832077391,-0.23958333333333304
S1,Los Angeles,Inglewood,under_resourced,5,0.3616810969140166,0.3616810969140166,-5.421798481651866,-0.08915565930847436,-0.2708333333333335
S1,Los Angeles,Inglewood,under_resourced,10,-3.577232574851351,-3.577232574851351,2.8232696139106475,0.4117401548878945,-0.2708333333333335
S1,Los Angeles,Inglewood,under_resourced,15,-6.083274343926447,-6.083274343926447,11.864039919093383,0.4006962530141642,-0.2708333333333335
S1,Los Angeles,Inglewood,under_resourced,18,-14.231339920753543,-14.231339920753543,-3.037129167747404,0.49944752935216563,-0.2708333333333335
S1,Los Angeles,Inglewood,under_resourced,20,-7.5927809645124915,-7.5927809645124915,-3.1392274413941084,0.47106591507465456,-0.2708333333333335
S1,Los Angeles,Inglewood,under_resourced,22,-4.928846987162755,-4.928846987162755,2.0293734386746296,0.56375591893566,-0.2708333333333335
S1,Los Angeles,Inglewood,under_resourced,25,-6.496404852117127,-6.496404852117127,5.656876446259243,0.9776201536634135,-0.2708333333333335
S1,Los Angeles,Inglewood,under_resourced,30,-6.771969359502223,-6.771969359502223,0.43152480864589116,-0.9837724878591405,-0.2708333333333335
S1,Los Angeles,Inglewood,under_resourced,35,-1.6717957212716905,-1.6717957212716905,2.1566262308650264,-0.7280519872027824,-0.2708333333333335
S1,Los Angeles,Inglewood,under_resourced,40,2.4858121688588,2.4858121688588,2.1627127440252014,-0.08975922866404407,-0.2708333333333335
S5,Boston,Back Bay,affluent,5,-13.206192319827904,-13.206192319827904,-5.2434259735419015,0.0360641633944061,0.005208333333333259
S5,Boston,Back Bay,affluent,10,-8.678787532378065,-8.678787532378065,2.7717008234747995,0.39051608921463377,0.005208333333333259
S5,Boston,Back Bay,affluent,15,0.22726951300801312,0.22726951300801312,12.101464307078835,0.638883239955284,0.005208333333333259
S5,Boston,Back Bay,affluent,18,-12.824315054561513,-12.824315054561513,-2.7715662667186503,0.5037511984516376,0.005208333333333259
S5,Boston,Back Bay,affluent,20,-13.36287668722954,-13.36287668722954,-3.2038664460659527,0.4406470680128658,0.005208333333333259
S5,Boston,Back Bay,affluent,22,-4.89715663391539,-4.89715663391539,2.2136254498876737,0.38009343737459744,0.005208333333333259
S5,Boston,Back Bay,affluent,25,-4.5650721998979,-4.5650721998979,5.624952820612428,0.6184393662230736,0.005208333333333259
S5,Boston,Back Bay,affluent,30,-6.031894740280285,-6.031894740280285,0.4539251459823763,-0.583990747025726,0.005208333333333259
S5,Boston,Back Bay,affluent,35,-1.4888341308273596,-1.4888341308273596,2.1107073807951737,-0.5832951837492812,0.005208333333333259
S5,Boston,Back Bay,affluent,40,1.7054883272170174,1.7054883272170174,1.9061780890767859,-0.03574150200840376,0.005208333333333259
S5,Boston,Beacon Hill,affluent,5,-17.987949927452668,-17.987949927452668,-5.1092809254518965,0.17020921148441115,0.015624999999999556
S5,Boston,Beacon Hill,affluent,10,-10.021130232640479,-10.021130232640479,2.5940357598089743,0.21285102554880853,0.015624999999999556
S5,Boston,Beacon Hill,affluent,15,0.44207251449622476,0.44207251449622476,11.951215714670575,0.48863464754702335,0.015624999999999556
S5,Boston,Beacon Hill,affluent,18,-15.466554570539573,-15.466554570539573,-2.7454577467502155,0.5298597184200724,0.015624999999999556
S5,Boston,Beacon Hill,affluent,20,-10.432071747379627,-10.432071747379627,-3.0752565127086298,0.5692570013701888,0.015624999999999556
S5,Boston,Beacon Hill,affluent,22,-6.364288025848616,-6.364288025848616,2.21463181865142,0.3810998061383435,0.015624999999999556
S5,Boston,Beacon Hill,affluent,25,-10.56591582181457,-10.56591582181457,5.926617082714078,0.920103628324723,0.015624999999999556
S5,Boston,Beacon Hill,affluent,30,-9.231896978298046,-9.231896978298046,0.4893941947539897,-0.5485216982541126,0.015624999999999556
S5,Boston,Beacon Hill,affluent,35,-1.6625838615220763,-1.6625838615220763,2.2953010633039606,-0.3987015012404944,0.015624999999999556
S5,Boston,Beacon Hill,affluent,40,1.4712868829577384,1.4712868829577384,1.9970284142945813,0.0551088232093917,0.015624999999999556
S5,Boston,Brookline,affluent,5,-5.36664855405462,-5.36664855405462,-5.157068638670615,0.12242149826569282,-0.01041666666666674
S5,Boston,Brookline,affluent,10,-5.828612115489536,-5.828612115489536,2.7280287297459953,0.34684399548582956,-0.01041666666666674
S5,Boston,Brookline,affluent,15,0.7054778262312802,0.7054778262312802,12.074084705250934,0.6115036381273828,-0.01041666666666674
S5,Boston,Brookline,affluent,18,-13.922895369987598,-13.922895369987598,-2.6712600201867214,0.6040574449835665,-0.01041666666666674
S5,Boston,Brookline,affluent,20,-9.904581674136548,-9.904581674136548,-2.9190691970314186,0.7254443170473999,-0.01041666666666674
S5,Boston,Brookline,affluent,22,-8.869106518628564,-8.869106518628564,2.3459829415006768,0.5124509289876005,-0.01041666666666674
S5,Boston,Brookline,affluent,25,-13.187368044125279,-13.187368044125279,5.55430767454301,0.5477942201536559,-0.01041666666666674
S5,Boston,Brookline,affluent,30,-5.672475934001359,-5.672475934001359,0.2504136674466737,-0.7875022255614286,-0.01041666666666674
S5,Boston,Brookline,affluent,35,0.2868317457494341,0.2868317457494341,2.278983663195971,-0.4150189013484842,-0.01041666666666674
S5,Boston,Brookline,affluent,40,2.301101095334619,2.301101095334619,2.0253625008449756,0.08344290975978597,-0.01041666666666674
S5,Boston,Roxbury,under_resourced,5,-5.434342345677775,-5.434342345677775,-5.19497711830345,0.08451301863285732,-0.06770833333333348
S5,Boston,Roxbury,under_resourced,10,-3.3337960642942734,-3.3337960642942734,2.638935332570421,0.25775059831025526,-0.06770833333333348
S5,Boston,Roxbury,under_resourced,15,2.485206405209175,2.485206405209175,11.9389783295421,0.4763972624185495,-0.06770833333333348
S5,Boston,Roxbury,under_resourced,18,-12.170269195948384,-12.170269195948384,-2.9676317927624347,0.30768567240785316,-0.06770833333333348
S5,Boston,Roxbury,under_resourced,20,-9.529237530064579,-9.529237530064579,-3.1098484288996424,0.5346650851791761,-0.06770833333333348
S5,Boston,Roxbury,under_resourced,22,-5.519765939302063,-5.519765939302063,2.384135791299892,0.5506037787868157,-0.06770833333333348
S5,Boston,Roxbury,under_resourced,25,-8.921132547840436,-8.921132547840436,5.803867832241899,0.7973543778525443,-0.06770833333333348
S5,Boston,Roxbury,under_resourced,30,-5.058527767076541,-5.058527767076541,0.37478109263531956,-0.6631348003727827,-0.06770833333333348
S5,Boston,Roxbury,under_resourced,35,-0.6405895648842035,-0.6405895648842035,1.942253402807209,-0.751749161737246,-0.06770833333333348
S5,Boston,Roxbury,under_resourced,40,3.3371852610936408,3.3371852610936408,2.0175636832246426,0.075644092139453,-0.06770833333333348
S5,Boston,Dorchester,under_resourced,5,-1.9954245960106824,-6.920953714970066,-5.2159968459166555,0.06349329101965218,-0.05729166666666674
S5,Boston,Dorchester,under_resourced,10,-4.288799643561491,-7.039680345515578,2.6092798801127666,0.22809514585260082,-0.05729166666666674
S5,Boston,Dorchester,under_resourced,15,1.1632197810236635,-3.3789230335873426,11.99423124687693,0.5316501797533792,-0.05729166666666674
S5,Boston,Dorchester,under_resourced,18,-10.87956130792998,-17.21551654598567,-2.679045607111221,0.5962718580590667,-0.05729166666666674
S5,Boston,Dorchester,under_resourced,20,-7.466946488491122,-10.874500253098839,-3.0308392251636564,0.6136742889151621,-0.05729166666666674
S5,Boston,Dorchester,under_resourced,22,-3.6023733670531475,-7.512475383267651,2.416280429556344,0.5827484170432675,-0.05729166666666674
S5,Boston,Dorchester,under_resourced,25,-6.525034849681576,-10.88014930396346,5.902026907811501,0.8955134534221463,-0.05729166666666674
S5,Boston,Dorchester,under_resourced,30,-5.564183627778317,-4.461167840424088,0.7147169404384778,-0.3231989525696245,-0.05729166666666674
S5,Boston,Dorchester,under_resourced,35,-0.09808712921214016,-0.8121663436719284,2.531258568795543,-0.16274399574891207,-0.05729166666666674
S5,Boston,Dorchester,under_resourced,40,1.8953849600050432,2.654793906534426,1.9806263334425869,0.03870674235739724,-0.05729166666666674
S5,Boston,Chelsea,under_resourced,5,-0.6747186088852437,-6.5820541311166725,-5.1723689468364515,0.1071211900998561,0.026041666666666297
S5,Boston,Chelsea,under_resourced,10,-6.015120794850036,-8.564659843139701,2.627037473958216,0.2458527396980501,0.026041666666666297
S5,Boston,Chelsea,under_resourced,15,1.3677937336145745,2.3970903049361834,12.08650808596775,0.6239270188441992,0.026041666666666297
S5,Boston,Chelsea,under_resourced,18,-10.74525524100408,-13.922753855220991,-2.778520161256884,0.4967973039134037,0.026041666666666297
S5,Boston,Chelsea,under_resourced,20,-9.410176686382037,-9.843066234439153,-3.1972065972115353,0.4473069168672832,0.026041666666666297
S5,Boston,Chelsea,under_resourced,22,-4.984942213028722,-3.688469695579266,2.2183338471364418,0.3848018346233655,0.026041666666666297
S5,Boston,Chelsea,under_resourced,25,-8.08123766131553,-7.837289373632409,5.557295558014127,0.5507821036247726,0.026041666666666297
S5,Boston,Chelsea,under_resourced,30,-7.009228591465423,-4.64650726372361,0.40153860936818686,-0.6363772836399154,0.026041666666666297
S5,Boston,Chelsea,under_resourced,35,-1.5101081681590232,0.007370104901253751,2.166918193993973,-0.5270843705504822,0.026041666666666297
S5,Boston,Chelsea,under_resourced,40,0.4377448932025997,2.3723764053960275,1.7075398366150178,-0.23437975447017179,0.026041666666666297
S5,Chicago,Lincoln Park,affluent,5,-2.966827700533236,-2.966827700533236,-5.1162282473348935,0.1632618896014142,0.015624999999999778
S5,Chicago,Lincoln Park,affluent,10,-7.668057930800671,-7.668057930800671,2.60556155251858,0.22437681825841427,0.015624999999999778
S5,Chicago,Lincoln Park,affluent,15,-2.346026048090569,-2.346026048090569,11.977683055906226,0.5151019887826749,0.015624999999999778
S5,Chicago,Lincoln Park,affluent,18,-18.8521661649876,-18.8521661649876,-2.6605299338430446,0.6147875313272433,0.015624999999999778
S5,Chicago,Lincoln Park,affluent,20,-14.771520990393661,-14.771520990393661,-3.056409635953789,0.5881038781250294,0.015624999999999778
S5,Chicago,Lincoln Park,affluent,22,-8.932428854027794,-8.932428854027794,2.3370142989159657,0.5034822864028894,0.015624999999999778
S5,Chicago,Lincoln Park,affluent,25,-13.408041166759233,-13.408041166759233,5.638499574357476,0.6319861199681212,0.015624999999999778
S5,Chicago,Lincoln Park,affluent,30,-3.7045559195329534,-3.7045559195329534,0.2863650591955732,-0.7515508338125291,0.015624999999999778
S5,Chicago,Lincoln Park,affluent,35,1.924295262107365,1.924295262107365,2.035889403632666,-0.658113160911789,0.015624999999999778
S5,Chicago,Lincoln Park,affluent,40,2.5241138398580514,2.5241138398580514,2.0388975976337957,0.09697800654860611,0.015624999999999778
S5,Chicago,Lakeview,affluent,5,-1.8699280571726473,-1.8699280571726473,-5.152404666180336,0.1270854707559712,0.03645833333333326
S5,Chicago,Lakeview,affluent,10,-8.004707601159378,-8.004707601159378,2.677294265095852,0.2961095308356865,0.03645833333333326
S5,Chicago,Lakeview,affluent,15,1.9347142548810288,1.9347142548810288,12.03784499661715,0.5752639294935982,0.03645833333333326
S5,Chicago,Lakeview,affluent,18,-14.567660550067561,-14.567660550067561,-2.6609213605527344,0.6143961046175535,0.03645833333333326
S5,Chicago,Lakeview,affluent,20,-7.820449216148532,-7.820449216148532,-2.9294025764279437,0.7151109376508749,0.03645833333333326
S5,Chicago,Lakeview,affluent,22,-8.31760839629684,-8.31760839629684,2.409800513115333,0.5762685006022568,0.03645833333333326
S5,Chicago,Lakeview,affluent,25,-11.691861217810361,-11.691861217810361,5.760032812065797,0.7535193576764421,0.03645833333333326
S5,Chicago,Lakeview,affluent,30,-6.021427393240689,-6.021427393240689,0.4054965925417855,-0.6324193004663168,0.03645833333333326
S5,Chicago,Lakeview,affluent,35,-0.6993227073801718,-0.6993227073801718,2.0684738705290875,-0.6255286940153675,0.03645833333333326
S5,Chicago,Lakeview,affluent,40,2.7674111586598844,2.7674111586598844,2.006098998980104,0.0641794078949145,0.03645833333333326
S5,Chicago,Winnetka,affluent,5,-13.42930110343903,6.4158914702328165,-5.28154859358718,-0.0020584566508725644,-0.13541666666666674
S5,Chicago,Winnetka,affluent,10,-3.105628166713047,-5.217972632003788,2.7059058072002884,0.32472107294012265,-0.13541666666666674
S5,Chicago,Winnetka,affluent,15,0.9236778464515064,3.457997825644722,11.988396101448334,0.5258150343247827,-0.13541666666666674
S5,Chicago,Winnetka,affluent,18,-12.299109399278183,-12.142778246133455,-2.554274821029218,0.72104264414107,-0.13541666666666674
S5,Chicago,Winnetka,affluent,20,-13.125974218422492,-11.287796687194458,-2.774774594213621,0.8697389198651977,-0.13541666666666674
S5,Chicago,Winnetka,affluent,22,-9.360492544204801,-8.920054588016997,2.411979121567016,0.5784471090539398,-0.13541666666666674
S5,Chicago,Winnetka,affluent,25,-9.658714979888561,-9.890611629273597,5.682866869988505,0.6763534155991504,-0.13541666666666674
S5,Chicago,Winnetka,affluent,30,-2.9082492366784303,-3.690135750628431,0.08756987782507678,-0.9503460151830255,-0.13541666666666674
S5,Chicago,Winnetka,affluent,35,-0.8324323795234652,-2.754786506671719,1.8034474986187,-0.8905550659257551,-0.13541666666666674
S5,Chicago,Winnetka,affluent,40,-0.8277134275355111,0.8442091686447921,2.005275471842346,0.06335588075715615,-0.13541666666666674
S5,Chicago,Englewood,under_resourced,5,-0.16638851291242127,-3.081389023596301,-5.167653312546955,0.11183682438935261,-0.14062500000000022
S5,Chicago,Englewood,under_resourced,10,-5.396915325018009,-6.598960659998913,2.6868254834825898,0.305640749222424,-0.14062500000000022
S5,Chicago,Englewood,under_resourced,15,1.2252641444919041,-6.405152803260079,12.003370812551504,0.5407897454279524,-0.14062500000000022
S5,Chicago,Englewood,under_resourced,18,-10.418893162250978,-15.137151203456979,-2.734052262086441,0.5412652030838467,-0.14062500000000022
S5,Chicago,Englewood,under_resourced,20,-7.9216742059822325,-8.325248086342043,-3.2278706299540216,0.4166428841247969,-0.14062500000000022
S5,Chicago,Englewood,under_resourced,22,-5.040001490031811,-7.041312786636093,2.2502886556001003,0.416756643087024,-0.14062500000000022
S5,Chicago,Englewood,under_resourced,25,-9.56089470722838,-9.799398533131335,5.713156181932562,0.7066427275432074,-0.14062500000000022
S5,Chicago,Englewood,under_resourced,30,-8.121803174279083,-8.231813839189408,0.24890911649150863,-0.7890067765165937,-0.14062500000000022
S5,Chicago,Englewood,under_resourced,35,-2.469013462485886,-2.3505657894118444,2.181022298230326,-0.5129802663141292,-0.14062500000000022
S5,Chicago,Englewood,under_resourced,40,0.963818907010658,0.842299890136191,1.5910117207116752,-0.35090787037351445,-0.14062500000000022
S5,Chicago,Austin,under_resourced,5,1.772392849391089,-2.9519839000948633,-5.166975439483613,0.11251469745269471,-0.15104166666666674
S5,Chicago,Austin,under_resourced,10,-3.941434338296194,-4.866114709220092,2.6909980003865,0.3098132661263344,-0.15104166666666674
S5,Chicago,Austin,under_resourced,15,3.0224070154056166,-0.18637263551988947,12.035556187568528,0.5729751204449762,-0.15104166666666674
S5,Chicago,Austin,under_resourced,18,-10.423064426704988,-13.164321863971304,-2.7503868740600526,0.5249305911102353,-0.15104166666666674
S5,Chicago,Austin,under_resourced,20,-8.550025751984581,-8.455532533629057,-3.2000979996170824,0.4444155144617361,-0.15104166666666674
S5,Chicago,Austin,under_resourced,22,-3.936861869087785,-4.370932683626919,2.310604670782752,0.4770726582696758,-0.15104166666666674
S5,Chicago,Austin,under_resourced,25,-6.3024458963428565,-7.810513705233008,5.50828489705443,0.501771442665075,-0.15104166666666674
S5,Chicago,Austin,under_resourced,30,-3.4411570969485012,0.4734944091247638,0.528580120541148,-0.5093357724669543,-0.15104166666666674
S5,Chicago,Austin,under_resourced,35,-0.4495428864632924,0.5480820575418055,1.946630611681184,-0.747371952863271,-0.15104166666666674
S5,Chicago,Austin,under_resourced,40,3.0839551155631346,3.074324390930041,1.7640090186876063,-0.17791057239758334,-0.15104166666666674
S5,Chicago,Harvey,under_resourced,5,1.5396624464456155,5.540056452226841,-5.136778091756468,0.14271204517983982,-0.07291666666666674
S5,Chicago,Harvey,under_resourced,10,-1.2879863189582499,-4.261094639251654,2.6528594150814317,0.271674680821266,-0.07291666666666674
S5,Chicago,Harvey,under_resourced,15,2.8390513135178463,1.3131842205773752,11.993507519369334,0.530926452245783,-0.07291666666666674
S5,Chicago,Harvey,under_resourced,18,-7.439539180683766,-11.407443190402297,-2.706762272676514,0.5685551924937737,-0.07291666666666674
S5,Chicago,Harvey,under_resourced,20,-6.666386877682645,-5.591650667540633,-3.2671859960231595,0.377327518055659,-0.07291666666666674
S5,Chicago,Harvey,under_resourced,22,-2.115001047810313,-1.4740832612082926,2.308160470015675,0.4746284575025985,-0.07291666666666674
S5,Chicago,Harvey,under_resourced,25,-2.971034593564891,-2.8128343862414953,5.796027619840742,0.7895141654513873,-0.07291666666666674
S5,Chicago,Harvey,under_resourced,30,-2.408497518663462,-0.6592544294396175,0.38198183639648997,-0.6559340566116123,-0.07291666666666674
S5,Chicago,Harvey,under_resourced,35,0.35509248194796206,0.437282323764221,1.9295664782849364,-0.7644360862595185,-0.07291666666666674
S5,Chicago,Harvey,under_resourced,40,3.125394566408713,4.210295057747666,1.9607345905385267,0.01881499945333709,-0.07291666666666674
S5,Los Angeles,Brentwood,affluent,5,-3.4585780216125372,-7.869868919764693,-5.2137682718361615,0.0657218651001461,-0.0989583333333337
S5,Los Angeles,Brentwood,affluent,10,-5.236225811645461,-7.716510800930351,2.583638134898061,0.20245340063789508,-0.0989583333333337
S5,Los Angeles,Brentwood,affluent,15,2.215842395542558,-0.31079414560358853,11.914840751676596,0.4522596845530451,-0.0989583333333337
S5,Los Angeles,Brentwood,affluent,18,-9.114644696407394,-12.73580114378302,-2.7010795026817602,0.5742379624885277,-0.0989583333333337
S5,Los Angeles,Brentwood,affluent,20,-8.443564020051397,-9.328256457049184,-3.306246322917073,0.33826719116174564,-0.0989583333333337
S5,Los Angeles,Brentwood,affluent,22,-4.1261027560866195,-5.445693853256141,2.207897441277014,0.37436542876393775,-0.0989583333333337
S5,Los Angeles,Brentwood,affluent,25,-7.644778941404239,-8.392904797250864,5.546120752826104,0.5396072984367493,-0.0989583333333337
S5,Los Angeles,Brentwood,affluent,30,-6.0938682638086545,-4.452607026883214,0.6719590184029657,-0.3659568746051366,-0.0989583333333337
S5,Los Angeles,Brentwood,affluent,35,-1.796988842417849,-0.18620221243258397,2.237572444207499,-0.45643012033695607,-0.0989583333333337
S5,Los Angeles,Brentwood,affluent,40,1.8518218609085948,1.9697323354010414,2.0712233239237086,0.12930373283851893,-0.0989583333333337
S5,Los Angeles,Beverly Grove,affluent,5,6.472117604371746,6.472117604371746,-5.249756821542981,0.029733315393326798,-0.005208333333333703
S5,Los Angeles,Beverly Grove,affluent,10,-12.550321548779976,-12.550321548779976,2.7366589465490843,0.3554742122889185,-0.005208333333333703
S5,Los Angeles,Beverly Grove,affluent,15,-6.458812015146598,-6.458812015146598,11.969514821862752,0.506933754739201,-0.005208333333333703
S5,Los Angeles,Beverly Grove,affluent,18,-18.197566071717116,-18.197566071717116,-2.585762584859896,0.6895548803103919,-0.005208333333333703
S5,Los Angeles,Beverly Grove,affluent,20,-13.592723008605908,-13.592723008605908,-3.1632072467966217,0.48130626728219683,-0.005208333333333703
S5,Los Angeles,Beverly Grove,affluent,22,-9.168231888782957,-9.168231888782957,2.385367265606847,0.5518352530937709,-0.005208333333333703
S5,Los Angeles,Beverly Grove,affluent,25,-12.297371923764512,-12.297371923764512,5.529596871996313,0.5230834176069585,-0.005208333333333703
S5,Los Angeles,Beverly Grove,affluent,30,-8.334247594855363,-8.334247594855363,0.5979416710713537,-0.4399742219367486,-0.005208333333333703
S5,Los Angeles,Beverly Grove,affluent,35,-1.6993454863413904,-1.6993454863413904,2.453643075140358,-0.24035948940409702,-0.005208333333333703
S5,Los Angeles,Beverly Grove,affluent,40,1.9311242038626122,1.9311242038626122,2.0053832958538633,0.06346370476867369,-0.005208333333333703
S5,Los Angeles,Pasadena,affluent,5,0.5568962391918536,-0.17252640092740476,-5.219546130729233,0.05994400620707463,-0.06250000000000022
S5,Los Angeles,Pasadena,affluent,10,-5.832172782719694,-7.183929078370961,2.741156173967275,0.3599714397071092,-0.06250000000000022
S5,Los Angeles,Pasadena,affluent,15,3.3682748931844158,-0.8336353574419888,11.944535467232518,0.4819544001089664,-0.06250000000000022
S5,Los Angeles,Pasadena,affluent,18,-8.974300549030044,-13.751448716608017,-2.5087155297353902,0.7666019354348976,-0.06250000000000022
S5,Los Angeles,Pasadena,affluent,20,-7.473227991609106,-8.154378462936737,-2.9664131363196518,0.6781003777591668,-0.06250000000000022
S5,Los Angeles,Pasadena,affluent,22,-2.144175116678595,-3.7252065418400386,2.3275185046707523,0.493986492157676,-0.06250000000000022
S5,Los Angeles,Pasadena,affluent,25,-7.44246277043899,-4.7632095143848,5.598328862066646,0.5918154076772915,-0.06250000000000022
S5,Los Angeles,Pasadena,affluent,30,-4.03861687887433,-2.195940202036183,0.6740346493363653,-0.363881243671737,-0.06250000000000022
S5,Los Angeles,Pasadena,affluent,35,-0.36199211309623286,0.537414573282044,2.3445281204155655,-0.3494744441288895,-0.06250000000000022
S5,Los Angeles,Pasadena,affluent,40,2.550016408800685,2.620325786739996,1.9935899475548842,0.051670356469694534,-0.06250000000000022
S5,Los Angeles,Watts,under_resourced,5,0.3886460816963234,2.7519233688586295,-5.18606303994282,0.09342709699348806,0.07291666666666674
S5,Los Angeles,Watts,under_resourced,10,-5.0804311982034465,-2.6355037348124872,2.6931308206749334,0.3119460864147676,0.07291666666666674
S5,Los Angeles,Watts,under_resourced,15,1.400201894127166,-2.6141991232165243,11.896436178243018,0.43385511111946684,0.07291666666666674
S5,Los Angeles,Watts,under_resourced,18,-8.877265624059644,-12.954877337178559,-2.8015341083588448,0.4737833568114431,0.07291666666666674
S5,Los Angeles,Watts,under_resourced,20,-7.352072321967564,-7.173147158515088,-2.976263784722083,0.6682497293567353,0.07291666666666674
S5,Los Angeles,Watts,under_resourced,22,-1.8800288895942814,-2.8314318797580778,2.4036030625422473,0.570071050029171,0.07291666666666674
S5,Los Angeles,Watts,under_resourced,25,-6.878906120978638,-6.086586647405362,5.571402344280054,0.5648888898906996,0.07291666666666674
S5,Los Angeles,Watts,under_resourced,30,-3.417509975761536,-1.548000874903688,0.5042995751263922,-0.53361631788171,0.07291666666666674
S5,Los Angeles,Watts,under_resourced,35,0.10146539687608355,0.1355114180479616,2.028689505650657,-0.6653130588937981,0.07291666666666674
S5,Los Angeles,Watts,under_resourced,40,3.1888273799518823,3.2061148478014223,1.8778008180037784,-0.06411877308141123,0.07291666666666674
S5,Los Angeles,Compton,under_resourced,5,-1.6630914148751432,-7.709441093734782,-5.232374680816419,0.04711545611988832,-0.005208333333333481
S5,Los Angeles,Compton,under_resourced,10,-4.661621243352249,-8.325261649211145,2.6282721911137115,0.24708745685354572,-0.005208333333333481
S5,Los Angeles,Compton,under_resourced,15,2.183832856143654,-3.9544188028049034,11.900588522255303,0.43800745513175166,-0.005208333333333481
S5,Los Angeles,Compton,under_resourced,18,-9.980545354168585,-16.78588321930785,-2.6664793796362045,0.6088380855340834,-0.005208333333333481
S5,Los Angeles,Compton,under_resourced,20,-7.098767086419335,-8.89369449601802,-3.0056692169222674,0.6388442971565511,-0.005208333333333481
S5,Los Angeles,Compton,under_resourced,22,-3.36185197096972,-5.9693899901731715,2.40385850292054,0.5703264904074636,-0.005208333333333481
S5,Los Angeles,Compton,under_resourced,25,-9.644301820336405,-10.66944119869927,5.773706363843727,0.7671929094543728,-0.005208333333333481
S5,Los Angeles,Compton,under_resourced,30,-4.345899657530024,-3.3133381618610183,0.6212611140363298,-0.4166547789717725,-0.005208333333333481
S5,Los Angeles,Compton,under_resourced,35,-2.027395661748374,-1.45501491991255,2.187893976218106,-0.5061085883263488,-0.005208333333333481
S5,Los Angeles,Compton,under_resourced,40,0.7832743454034563,1.2671172445790357,1.9395748622598439,-0.0023447288253457543,-0.005208333333333481
S5,Los Angeles,Inglewood,under_resourced,5,1.618084435236629,1.618084435236629,-5.291381195219195,-0.011891058282887279,-0.0677083333333337
S5,Los Angeles,Inglewood,under_resourced,10,-2.303831512219869,-2.303831512219869,2.82136360683877,0.44017887257860444,-0.0677083333333337
S5,Los Angeles,Inglewood,under_resourced,15,-4.800143986592132,-4.800143986592132,11.957648129317143,0.4950670621935913,-0.0677083333333337
S5,Los Angeles,Inglewood,under_resourced,18,-14.504520467505456,-14.504520467505456,-2.7568200248230252,0.5184974403472626,-0.0677083333333337
S5,Los Angeles,Inglewood,under_resourced,20,-9.06205542680802,-9.06205542680802,-3.077709823130436,0.5668036909483827,-0.0677083333333337
S5,Los Angeles,Inglewood,under_resourced,22,-6.828057744350695,-6.828057744350695,2.218035271350794,0.3845032588377175,-0.0677083333333337
S5,Los Angeles,Inglewood,under_resourced,25,-8.306944988828485,-8.306944988828485,5.650066273874531,0.6435528194851763,-0.0677083333333337
S5,Los Angeles,Inglewood,under_resourced,30,-6.77036492651683,-6.77036492651683,0.43349129111350027,-0.604424601894602,-0.0677083333333337
S5,Los Angeles,Inglewood,under_resourced,35,-1.58196925042839,-1.58196925042839,2.267586476542806,-0.42641608800164876,-0.0677083333333337
S5,Los Angeles,Inglewood,under_resourced,40,3.331558351517046,3.331558351517046,2.0938988021747047,0.15197921108951506,-0.0677083333333337
S7,Boston,Back Bay,affluent,5,-12.675729979750601,-12.675729979750601,-5.247111457617827,0.01853617991831591,-0.3072916666666665
S7,Boston,Back Bay,affluent,10,-8.853561273417089,-8.853561273417089,2.6293407214335622,0.2791741536309238,-0.3072916666666665
S7,Boston,Back Bay,affluent,15,0.19685527695524963,0.19685527695524963,12.177389413853957,0.6485084647876498,-0.3072916666666665
S7,Boston,Back Bay,affluent,18,-12.154687894332126,-12.154687894332126,-3.0292336063049037,0.42530787705188144,-0.3072916666666665
S7,Boston,Back Bay,affluent,20,-13.844063859937883,-13.844063859937883,-3.0842645529371038,0.4875087361101702,-0.3072916666666665
S7,Boston,Back Bay,affluent,22,-3.948167274999667,-3.948167274999667,2.420640836286195,0.7819597237675153,-0.3072916666666665
S7,Boston,Back Bay,affluent,25,-3.5491459770317406,-3.5491459770317406,5.835547069826548,0.9495664043396808,-0.3072916666666665
S7,Boston,Back Bay,affluent,30,-5.900661528429915,-5.900661528429915,0.72179721532638,-0.27408330459486896,-0.3072916666666665
S7,Boston,Back Bay,affluent,35,-0.92362912238087,-0.92362912238087,1.5104345466112348,-0.7867266686346446,-0.3072916666666665
S7,Boston,Back Bay,affluent,40,1.7042277766775538,1.7042277766775538,1.037627324778194,-0.42877028102653814,-0.3072916666666665
S7,Boston,Beacon Hill,affluent,5,-18.502051320500268,-18.502051320500268,-5.140653354648112,0.12499428288803038,-0.13541666666666696
S7,Boston,Beacon Hill,affluent,10,-10.350072363672364,-10.350072363672364,2.610801105988984,0.26063453818634574,-0.13541666666666696
S7,Boston,Beacon Hill,affluent,15,-0.41896250182180217,-0.41896250182180217,12.052628161106348,0.5237472120400408,-0.13541666666666696
S7,Boston,Beacon Hill,affluent,18,-14.968061309931135,-14.968061309931135,-3.0079348665497334,0.4466066168070517,-0.13541666666666696
S7,Boston,Beacon Hill,affluent,20,-10.447158510818854,-10.447158510818854,-3.0210069564815916,0.5507663325656824,-0.13541666666666696
S7,Boston,Beacon Hill,affluent,22,-5.590498376593895,-5.590498376593895,2.343112738303502,0.7044316257848222,-0.13541666666666696
S7,Boston,Beacon Hill,affluent,25,-8.967879736087383,-8.967879736087383,6.342290540069067,1.4563098745821996,-0.13541666666666696
S7,Boston,Beacon Hill,affluent,30,-9.218356330887119,-9.218356330887119,0.5806997460342611,-0.4151807738869878,-0.13541666666666696
S7,Boston,Beacon Hill,affluent,35,-1.1369875360246184,-1.1369875360246184,1.6775626651999334,-0.619598550045946,-0.13541666666666696
S7,Boston,Beacon Hill,affluent,40,2.1027371523725513,2.1027371523725513,1.1898028612531983,-0.27659474455153377,-0.13541666666666696
S7,Boston,Brookline,affluent,5,-5.7798137978637545,-5.7798137978637545,-5.124638799366654,0.14100883816948873,-0.25
S7,Boston,Brookline,affluent,10,-6.2002401482660945,-6.2002401482660945,2.6005430533411573,0.2503764855385189,-0.25
S7,Boston,Brookline,affluent,15,0.8963005704675966,0.8963005704675966,12.048635712782493,0.5197547637161861,-0.25
S7,Boston,Brookline,affluent,18,-12.948744158652417,-12.948744158652417,-3.1034596255275084,0.3510818578292767,-0.25
S7,Boston,Brookline,affluent,20,-9.877552705246039,-9.877552705246039,-3.0725327126290543,0.49924057641821973,-0.25
S7,Boston,Brookline,affluent,22,-7.854625456534345,-7.854625456534345,2.2445610113758674,0.6058798988571876,-0.25
S7,Boston,Brookline,affluent,25,-10.48277816481211,-10.48277816481211,5.70238576350681,0.8164050980199429,-0.25
S7,Boston,Brookline,affluent,30,-3.8732221174910806,-3.8732221174910806,0.3142146014078949,-0.681665918513354,-0.25
S7,Boston,Brookline,affluent,35,0.09710128111952818,0.09710128111952818,1.777776111504648,-0.5193851037412314,-0.25
S7,Boston,Brookline,affluent,40,2.223990424055722,2.223990424055722,1.2742577130687962,-0.1921398927359359,-0.25
S7,Boston,Roxbury,under_resourced,5,-5.745585264129424,-5.745585264129424,-5.176764353726637,0.08888328380950572,-0.3333333333333335
S7,Boston,Roxbury,under_resourced,10,-4.029857348838495,-4.029857348838495,2.6319567784424156,0.28179021063977716,-0.3333333333333335
S7,Boston,Roxbury,under_resourced,15,2.6901367225272845,2.6901367225272845,12.01485996199656,0.4859790129302528,-0.3333333333333335
S7,Boston,Roxbury,under_resourced,18,-11.478851212316409,-11.478851212316409,-3.1801248905652977,0.27441659279148745,-0.3333333333333335
S7,Boston,Roxbury,under_resourced,20,-8.506819365618458,-8.506819365618458,-3.190672871776011,0.38110041727126287,-0.3333333333333335
S7,Boston,Roxbury,under_resourced,22,-4.428560232642891,-4.428560232642891,2.1530981757937107,0.5144170632750309,-0.3333333333333335
S7,Boston,Roxbury,under_resourced,25,-6.548627599417339,-6.548627599417339,5.747569214666306,0.8615885491794391,-0.3333333333333335
S7,Boston,Roxbury,under_resourced,30,-4.693282955082535,-4.693282955082535,0.2969537666056752,-0.6989267533155737,-0.3333333333333335
S7,Boston,Roxbury,under_resourced,35,-0.5491417491190512,-0.5491417491190512,1.2912818147003031,-1.0058794005455762,-0.3333333333333335
S7,Boston,Roxbury,under_resourced,40,3.686227862112877,3.686227862112877,0.9045563126957226,-0.5618412931090095,-0.3333333333333335
S7,Boston,Dorchester,under_resourced,5,-1.9789170891967327,-6.824623331299813,-5.19782101256256,0.06782662497358238,-0.21875
S7,Boston,Dorchester,under_resourced,10,-4.415636468625701,-7.232459207395193,2.524470766583331,0.1743041987806926,-0.21875
S7,Boston,Dorchester,under_resourced,15,0.5979768952695856,-3.4074300818121857,12.052249322323778,0.5233683732574708,-0.21875
S7,Boston,Dorchester,under_resourced,18,-10.906027811337967,-16.533721750123952,-3.1008179652781185,0.35372351807866664,-0.21875
S7,Boston,Dorchester,under_resourced,20,-7.631299744796281,-9.609909374170167,-3.0751465854751783,0.4966267035720957,-0.21875
S7,Boston,Dorchester,under_resourced,22,-3.0404731186390177,-6.326550241025267,2.2180729790693636,0.5793918665506839,-0.21875
S7,Boston,Dorchester,under_resourced,25,-6.712991149119775,-8.568835430840313,6.062359767590076,1.1763791021032084,-0.21875
S7,Boston,Dorchester,under_resourced,30,-7.284789732881667,-5.958916361975188,0.43956179937740714,-0.5563187205438418,-0.21875
S7,Boston,Dorchester,under_resourced,35,0.21965181696000508,-0.6691480773703463,1.6144716130580414,-0.6826896021878379,-0.21875
S7,Boston,Dorchester,under_resourced,40,2.4949012107219626,2.6581701505111717,1.1039246236140383,-0.3624729821906938,-0.21875
S7,Boston,Chelsea,under_resourced,5,-0.7662038218323303,-6.643346842615525,-5.2490019697792,0.01664566775694265,-0.21875000000000022
S7,Boston,Chelsea,under_resourced,10,-6.170169185509076,-9.414537966346064,2.489938188997392,0.1397716211947535,-0.21875000000000022
S7,Boston,Chelsea,under_resourced,15,0.7521437755185784,1.7490013393038661,12.085978018950737,0.5570970698844295,-0.21875000000000022
S7,Boston,Chelsea,under_resourced,18,-10.73246222303415,-13.597531126130844,-3.336302484560499,0.11823899879628597,-0.21875000000000022
S7,Boston,Chelsea,under_resourced,20,-9.555829332098739,-9.527249707016953,-3.3072903906045417,0.2644828984427323,-0.21875000000000022
S7,Boston,Chelsea,under_resourced,22,-5.147670361828928,-3.3199146630376726,2.101241041165685,0.46255992864700524,-0.21875000000000022
S7,Boston,Chelsea,under_resourced,25,-8.506232278246255,-5.251827459909462,5.866168611629538,0.9801879461426708,-0.21875000000000022
S7,Boston,Chelsea,under_resourced,30,-8.460526739064193,-5.0728331938209115,0.2662851790651708,-0.7295953408560781,-0.21875000000000022
S7,Boston,Chelsea,under_resourced,35,-0.6567902779306349,0.821942788835433,1.5186292274653441,-0.7785319877805352,-0.21875000000000022
S7,Boston,Chelsea,under_resourced,40,1.8687567488134087,2.7972488837079448,0.9917109740848056,-0.47468663171992653,-0.21875000000000022
S7,Chicago,Lincoln Park,affluent,5,-3.2272320808734065,-3.2272320808734065,-5.176721386001231,0.08892625153491185,-0.22395833333333304
S7,Chicago,Lincoln Park,affluent,10,-8.158242086146796,-8.158242086146796,2.52673136176982,0.17656479396718172,-0.22395833333333304
S7,Chicago,Lincoln Park,affluent,15,-3.367541010693138,-3.367541010693138,12.004656534302915,0.4757755852366081,-0.22395833333333304
S7,Chicago,Lincoln Park,affluent,18,-17.74034232148079,-17.74034232148079,-2.9413995401696975,0.5131419431870876,-0.22395833333333304
S7,Chicago,Lincoln Park,affluent,20,-13.73295360489637,-13.73295360489637,-3.033714000429755,0.5380592886175188,-0.22395833333333304
S7,Chicago,Lincoln Park,affluent,22,-8.266410253398067,-8.266410253398067,2.1655631088493617,0.5268819963306819,-0.22395833333333304
S7,Chicago,Lincoln Park,affluent,25,-11.176127763300203,-11.176127763300203,5.887728008048461,1.0017473425615933,-0.22395833333333304
S7,Chicago,Lincoln Park,affluent,30,-4.564118306858608,-4.564118306858608,0.0997955868943558,-0.8960849330268932,-0.22395833333333304
S7,Chicago,Lincoln Park,affluent,35,2.173901443901742,2.173901443901742,1.3128781328185257,-0.9842830824273536,-0.22395833333333304
S7,Chicago,Lincoln Park,affluent,40,2.389266944414411,2.389266944414411,1.0886794114099037,-0.37771819439482845,-0.22395833333333304
S7,Chicago,Lakeview,affluent,5,-2.247657956667974,-2.247657956667974,-5.243097494282143,0.02255014325399962,-0.14583333333333348
S7,Chicago,Lakeview,affluent,10,-8.372345009577852,-8.372345009577852,2.655396968575005,0.30523040077236674,-0.14583333333333348
S7,Chicago,Lakeview,affluent,15,1.3776350131824742,1.3776350131824742,12.062845936165104,0.5339649870987966,-0.14583333333333348
S7,Chicago,Lakeview,affluent,18,-13.694902507230205,-13.694902507230205,-2.876974491186717,0.5775669921700679,-0.14583333333333348
S7,Chicago,Lakeview,affluent,20,-6.854018517247993,-6.854018517247993,-2.9244327946237756,0.6473404944234984,-0.14583333333333348
S7,Chicago,Lakeview,affluent,22,-7.056803348125847,-7.056803348125847,2.2846883306422883,0.6460072181236085,-0.14583333333333348
S7,Chicago,Lakeview,affluent,25,-8.976517226924901,-8.976517226924901,5.95230031022541,1.0663196447385426,-0.14583333333333348
S7,Chicago,Lakeview,affluent,30,-4.827287735676834,-4.827287735676834,0.39562595212612006,-0.6002545677951289,-0.14583333333333348
S7,Chicago,Lakeview,affluent,35,-0.382808686784787,-0.382808686784787,1.4243825440602556,-0.8727786711856238,-0.14583333333333348
S7,Chicago,Lakeview,affluent,40,3.584703395500056,3.584703395500056,1.1324119463808298,-0.33398565942390235,-0.14583333333333348
S7,Chicago,Winnetka,affluent,5,-13.750348688529574,6.301200978711281,-5.261660967919314,0.0039866696168289195,-0.30729166666666696
S7,Chicago,Winnetka,affluent,10,-3.270985111797228,-6.024675046707687,2.646723264612578,0.29655669680993935,-0.30729166666666696
S7,Chicago,Winnetka,affluent,15,-0.2953838665749735,2.5476453605616163,11.928613816696577,0.39973286763027005,-0.30729166666666696
S7,Chicago,Winnetka,affluent,18,-12.84416455891362,-11.869995178229354,-3.0352728818953785,0.41926860146140665,-0.30729166666666696
S7,Chicago,Winnetka,affluent,20,-14.007006498315397,-10.87394836995308,-3.0725405217021193,0.49923276734515465,-0.30729166666666696
S7,Chicago,Winnetka,affluent,22,-8.645433869626913,-7.120573404637342,2.27835962613232,0.63967851361364,-0.30729166666666696
S7,Chicago,Winnetka,affluent,25,-8.742675085915064,-6.569150739295813,5.788376506051743,0.9023958405648758,-0.30729166666666696
S7,Chicago,Winnetka,affluent,30,-3.051881922605134,-3.7376409742525882,0.37295965868086245,-0.6229208612403865,-0.30729166666666696
S7,Chicago,Winnetka,affluent,35,-1.2429737157747982,-3.0107481012071253,1.3592342864104507,-0.9379269288354286,-0.30729166666666696
S7,Chicago,Winnetka,affluent,40,-0.8648664617335985,1.1561952657695196,1.351014111139272,-0.11538349466546016,-0.30729166666666696
S7,Chicago,Englewood,under_resourced,5,-0.04807997928283489,-2.944187752379919,-5.09707121954054,0.1685764179956024,-0.3802083333333335
S7,Chicago,Englewood,under_resourced,10,-5.541663984348933,-7.280042378543963,2.5423531314896417,0.19218656368700326,-0.3802083333333335
S7,Chicago,Englewood,under_resourced,15,1.333592887503879,-5.644933405578077,11.982291449757,0.45341050069069233,-0.3802083333333335
S7,Chicago,Englewood,under_resourced,18,-9.670002569753084,-14.594355103635495,-3.1066001579509126,0.3479413254058725,-0.3802083333333335
S7,Chicago,Englewood,under_resourced,20,-7.730493080721325,-8.114713294397273,-3.2360895440779203,0.3356837449693537,-0.3802083333333335
S7,Chicago,Englewood,under_resourced,22,-4.705957935762864,-6.680627215696172,2.130211883836941,0.4915307713182613,-0.3802083333333335
S7,Chicago,Englewood,under_resourced,25,-9.572578577830836,-7.944747181559939,5.864752366175194,0.978771700688327,-0.3802083333333335
S7,Chicago,Englewood,under_resourced,30,-9.763240371601627,-7.775156434285624,0.0591281305840648,-0.9367523893371841,-0.3802083333333335
S7,Chicago,Englewood,under_resourced,35,-1.315619935949263,-1.2038111604122457,1.470778844165514,-0.8263823710803653,-0.3802083333333335
S7,Chicago,Englewood,under_resourced,40,2.2377967344889766,1.636393914262257,0.913588650627824,-0.5528089551769081,-0.3802083333333335
S7,Chicago,Austin,under_resourced,5,1.6582636403483306,-2.7867685550422583,-5.1340113427284955,0.13163629480764705,-0.3125
S7,Chicago,Austin,under_resourced,10,-4.245761118235877,-5.356828977022112,2.626881356971608,0.2767147891689694,-0.3125
S7,Chicago,Austin,under_resourced,15,2.4521210925220345,-0.8117802639308451,12.053367657658377,0.5244867085920699,-0.3125
S7,Chicago,Austin,under_resourced,18,-10.838987156236955,-13.251616984266837,-3.2455714825366893,0.20897000082009587,-0.3125
S7,Chicago,Austin,under_resourced,20,-8.834643701207803,-8.175709270787122,-3.255906911953615,0.31586637709365917,-0.3125
S7,Chicago,Austin,under_resourced,22,-4.208608778391281,-4.2926048314052805,2.046705738802802,0.40802462628412206,-0.3125
S7,Chicago,Austin,under_resourced,25,-5.416394963157152,-4.654611643234599,5.6590011172012336,0.7730204517143662,-0.3125
S7,Chicago,Austin,under_resourced,30,-5.734800754194784,-0.4257968587881863,0.27320354992775253,-0.7226769699934964,-0.3125
S7,Chicago,Austin,under_resourced,35,0.3661964238044472,1.0832886800287223,1.3022741147600279,-0.9948871004858515,-0.3125
S7,Chicago,Austin,under_resourced,40,3.739093693721782,3.387454238304108,1.085541911250594,-0.38085569455413815,-0.3125
S7,Chicago,Harvey,under_resourced,5,1.4163713235306137,4.896361999349469,-5.174200094674725,0.09144754286141765,-0.33333333333333326
S7,Chicago,Harvey,under_resourced,10,-1.573473490804777,-5.221820676670937,2.6830259028611385,0.33285933505850007,-0.33333333333333326
S7,Chicago,Harvey,under_resourced,15,3.207950406911072,1.2701281577731074,11.965297522475826,0.43641657340951845,-0.33333333333333326
S7,Chicago,Harvey,under_resourced,18,-6.590263764882922,-10.309923449938621,-3.042567564475907,0.4119739188808782,-0.33333333333333326
S7,Chicago,Harvey,under_resourced,20,-5.9478314476990635,-4.84391743433854,-3.17368876878808,0.39808452025919383,-0.33333333333333326
S7,Chicago,Harvey,under_resourced,22,-0.3174874910070154,-0.6488620327649977,2.2943502183613576,0.6556691058426778,-0.33333333333333326
S7,Chicago,Harvey,under_resourced,25,-1.635477070948843,-0.9448202242542227,5.965274947622093,1.0792942821352254,-0.33333333333333326
S7,Chicago,Harvey,under_resourced,30,-2.2367909400986554,-0.4244766101793742,0.46382572713390646,-0.5320547927873425,-0.33333333333333326
S7,Chicago,Harvey,under_resourced,35,1.1793964363065947,1.1307429794359656,1.2364155956797844,-1.060745619566095,-0.33333333333333326
S7,Chicago,Harvey,under_resourced,40,4.363869214067645,5.323238229599286,1.1795114421413238,-0.28688616366340836,-0.33333333333333326
S7,Los Angeles,Brentwood,affluent,5,-3.327190369039462,-8.033886253730335,-5.264601208533653,0.001046429002489191,-0.21875000000000022
S7,Los Angeles,Brentwood,affluent,10,-5.250790886134771,-7.97111903412239,2.5459835903922636,0.1958170225896252,-0.21875000000000022
S7,Los Angeles,Brentwood,affluent,15,2.309291668942137,-0.3976735286785483,11.820052277223096,0.29117132815678914,-0.21875000000000022
S7,Los Angeles,Brentwood,affluent,18,-8.45548057627596,-11.924999388224181,-3.1646419804725103,0.2898995028842748,-0.21875000000000022
S7,Los Angeles,Brentwood,affluent,20,-7.764931898453132,-8.50962449559321,-3.263117994071308,0.3086552949759658,-0.21875000000000022
S7,Los Angeles,Brentwood,affluent,22,-3.856913940663249,-5.151005349754691,2.0635677188446078,0.424886606325928,-0.21875000000000022
S7,Los Angeles,Brentwood,affluent,25,-7.53134809826569,-6.315108889060653,5.412632143806663,0.5266514783197955,-0.21875000000000022
S7,Los Angeles,Brentwood,affluent,30,-7.314582938952081,-5.73021011953777,0.5988034449795255,-0.3970770749417234,-0.21875000000000022
S7,Los Angeles,Brentwood,affluent,35,-0.5783996126804575,0.5269929235514689,1.5325750673374274,-0.7645861479084519,-0.21875000000000022
S7,Los Angeles,Brentwood,affluent,40,2.9375467740844994,2.6353119876443185,1.1670094526789014,-0.29938815312583067,-0.21875000000000022
S7,Los Angeles,Beverly Grove,affluent,5,6.67485910640805,6.67485910640805,-5.293645044723853,-0.027997407187710266,-0.2604166666666665
S7,Los Angeles,Beverly Grove,affluent,10,-13.073909186309477,-13.073909186309477,2.6953961766366037,0.34522960883396525,-0.2604166666666665
S7,Los Angeles,Beverly Grove,affluent,15,-6.945752265329048,-6.945752265329048,11.957552193592914,0.42867124452660654,-0.2604166666666665
S7,Los Angeles,Beverly Grove,affluent,18,-17.550735412908008,-17.550735412908008,-2.9978341188230053,0.4567073645337798,-0.2604166666666665
S7,Los Angeles,Beverly Grove,affluent,20,-14.209773539564765,-14.209773539564765,-3.1869136659261925,0.38485962312108146,-0.2604166666666665
S7,Los Angeles,Beverly Grove,affluent,22,-8.986421285694721,-8.986421285694721,2.0873890853240886,0.44870797280540886,-0.2604166666666665
S7,Los Angeles,Beverly Grove,affluent,25,-11.072049388079382,-11.072049388079382,5.445849785054768,0.5598691195679004,-0.2604166666666665
S7,Los Angeles,Beverly Grove,affluent,30,-7.430406171999681,-7.430406171999681,0.39066298768886154,-0.6052175322323874,-0.2604166666666665
S7,Los Angeles,Beverly Grove,affluent,35,-0.8845220314847947,-0.8845220314847947,1.8272248161548714,-0.46993639909100793,-0.2604166666666665
S7,Los Angeles,Beverly Grove,affluent,40,2.3060940988993472,2.3060940988993472,1.240584942931072,-0.22581266287366009,-0.2604166666666665
S7,Los Angeles,Pasadena,affluent,5,0.48813200663818657,-0.47353804038407477,-5.259449229817337,0.006198407718805754,-0.140625
S7,Los Angeles,Pasadena,affluent,10,-6.103303451404955,-7.51733751757679,2.746803813366679,0.39663724556404034,-0.140625
S7,Los Angeles,Pasadena,affluent,15,3.503921030941294,-0.9321740235595424,11.965728256168285,0.43684730710197783,-0.140625
S7,Los Angeles,Pasadena,affluent,18,-8.863773950187252,-13.339896354290266,-2.999350473057705,0.45519101029907993,-0.140625
S7,Los Angeles,Pasadena,affluent,20,-7.330532823713856,-7.179517248486271,-3.0350479445634213,0.5367253444838527,-0.140625
S7,Los Angeles,Pasadena,affluent,22,-2.266403413690139,-3.2976590982525056,2.219298094810289,0.5806169822916094,-0.140625
S7,Los Angeles,Pasadena,affluent,25,-8.006872161205482,-3.034782724666946,5.748706454508348,0.8627257890214803,-0.140625
S7,Los Angeles,Pasadena,affluent,30,-5.478419847123456,-3.886395348623862,0.6793061984956159,-0.316574321425633,-0.140625
S7,Los Angeles,Pasadena,affluent,35,0.25304728545543914,0.8485503050348128,1.694780677758012,-0.6023805374878672,-0.140625
S7,Los Angeles,Pasadena,affluent,40,2.921567496052322,2.1657502732923635,1.211927054342731,-0.25447055146200115,-0.140625
S7,Los Angeles,Watts,under_resourced,5,0.35522424468008856,3.503778921255481,-5.222353083264249,0.04329455427189366,-0.171875
S7,Los Angeles,Watts,under_resourced,10,-5.563281273180618,-3.687868443395403,2.651017297118712,0.3008507293160734,-0.171875
S7,Los Angeles,Watts,under_resourced,15,1.6508915820159455,-2.3925736241492284,12.046525727771169,0.5176447787048613,-0.171875
S7,Los Angeles,Watts,under_resourced,18,-8.286613947168286,-12.395078997320761,-3.126611473459412,0.327930009897373,-0.171875
S7,Los Angeles,Watts,under_resourced,20,-7.272220080858761,-6.0448378631051956,-2.8854859575713667,0.6862873314759073,-0.171875
S7,Los Angeles,Watts,under_resourced,22,-1.9826436816137731,-2.1171548466251413,2.3937932460165916,0.7551121334979118,-0.171875
S7,Los Angeles,Watts,under_resourced,25,-6.69626012418353,-3.5971560711871504,5.7680076479421105,0.8820269824552431,-0.171875
S7,Los Angeles,Watts,under_resourced,30,-4.360985081483226,-2.221281680843885,0.3970711795371932,-0.5988093403840558,-0.171875
S7,Los Angeles,Watts,under_resourced,35,0.6418075497018265,0.3567810416945718,1.3129147805790526,-0.9842464346668267,-0.171875
S7,Los Angeles,Watts,under_resourced,40,4.087735522017623,3.4354786101332397,1.0352594804548636,-0.4311381253498685,-0.171875
S7,Los Angeles,Compton,under_resourced,5,-1.7028754196680427,-7.906933338777885,-5.284107761449829,-0.018460123913686566,-0.22916666666666652
S7,Los Angeles,Compton,under_resourced,10,-4.777184536971189,-8.699307250403155,2.6309953765839165,0.280828808781278,-0.22916666666666652
S7,Los Angeles,Compton,under_resourced,15,2.335047246450982,-3.2437648155128596,11.9037587012598,0.37487775219349295,-0.22916666666666652
S7,Los Angeles,Compton,under_resourced,18,-9.152584791454046,-15.604955665868284,-3.106365101205872,0.3481763821509132,-0.22916666666666652
S7,Los Angeles,Compton,under_resourced,20,-6.494224742400735,-7.556482096447486,-3.140472783075583,0.431300505971691,-0.22916666666666652
S7,Los Angeles,Compton,under_resourced,22,-3.0028923886503307,-5.354386723892581,2.3417616792508356,0.7030805667321558,-0.22916666666666652
S7,Los Angeles,Compton,under_resourced,25,-9.358087201793566,-7.934023559891437,5.9694614197468265,1.0834807542599592,-0.22916666666666652
S7,Los Angeles,Compton,under_resourced,30,-5.908436155534013,-4.713256236681659,0.533988545933189,-0.4618919739880599,-0.22916666666666652
S7,Los Angeles,Compton,under_resourced,35,-1.0629854478429146,-0.858740021981736,1.6705188366944967,-0.6266423785513826,-0.22916666666666652
S7,Los Angeles,Compton,under_resourced,40,1.8812431253449926,1.1425737932484743,1.16189865754963,-0.30449894825510215,-0.22916666666666652
S7,Los Angeles,Inglewood,under_resourced,5,0.8852826727936515,0.8852826727936515,-5.294765922204999,-0.02911828466885691,-0.21875
S7,Los Angeles,Inglewood,under_resourced,10,-3.917393485096441,-3.917393485096441,2.7872342813112367,0.4370677135085983,-0.21875
S7,Los Angeles,Inglewood,under_resourced,15,-5.4019435544014405,-5.4019435544014405,12.021458019534947,0.49257707046863963,-0.21875
S7,Los Angeles,Inglewood,under_resourced,18,-14.197297516868305,-14.197297516868305,-3.0292198326744866,0.42532165068229855,-0.21875
S7,Los Angeles,Inglewood,under_resourced,20,-8.534837361830997,-8.534837361830997,-3.066177671616339,0.5055956174309348,-0.21875
S7,Los Angeles,Inglewood,under_resourced,22,-5.518672776203751,-5.518672776203751,2.198805839713676,0.5601247271949963,-0.21875
S7,Los Angeles,Inglewood,under_resourced,25,-6.099372541626174,-6.099372541626174,5.712568993544821,0.8265883280579533,-0.21875
S7,Los Angeles,Inglewood,under_resourced,30,-7.375425490191461,-7.375425490191461,0.43405500699051613,-0.5618255129307328,-0.21875
S7,Los Angeles,Inglewood,under_resourced,35,-0.9212240189033732,-0.9212240189033732,1.505049769193219,-0.7921114460526604,-0.21875
S7,Los Angeles,Inglewood,under_resourced,40,3.5631311681161,3.5631311681161,1.2533546303279277,-0.2130429754768044,-0.21875
